日付,調査対象,発見・学習内容,副業適用度,実装難易度,市場需要予測,収益化ポテンシャル
2025-08-13,Microsoft Semantic Kernel,AIエージェント機能でコンテンツ生成・データ分析自動化,高,中,高,月2-5万円
2025-08-13,HuggingFace Transformers,Pipeline APIで質問応答・テキスト生成・音声処理簡単実装,非常に高,低,非常に高,月3-8万円
2025-08-13,LangChain RAG機能,外部データソース連携で専門知識Q&Aシステム構築可能,高,中,高,月2-6万円
2025-08-12,Stable Diffusion商用利用,画像生成サービスのライセンス・収益化モデル調査,中,高,中,月1-3万円
2025-08-11,OpenAI API価格変動,GPT-4 Turbo→4o移行でコスト30%削減可能,高,低,高,コスト削減で利益率向上
2025-08-10,Discord Bot開発動向,Python discord.py v2.0で高機能ボット開発簡易化,中,低,中,月1-2万円
2025-08-09,Notion API活用事例,ドキュメント自動生成・データベース連携が人気,中,中,中,月1-4万円
2025-08-08,YouTube Data API制限,動画分析・自動投稿の技術的制約と対策方法,中,中,高,制約回避で差別化
2025-08-07,Claude Sonnet 3.5性能評価,長文処理・コード生成でGPT-4を上回る性能確認,高,低,高,高品質サービス提供可能
2025-08-06,Anthropic Constitutional AI,安全性重視のAIサービス開発手法学習,中,高,中,信頼性でプレミアム価格設定
2025-08-05,Vertex AI Gemini統合,Google Cloud経由でマルチモーダル機能活用,中,中,中,月1-3万円
2025-08-04,AWS Bedrock料金体系,従量課金制でスタートアップに優しい設計,高,中,高,初期コスト抑制